ranking_mae,modelo,variable_1,variable_2,mae_promedio,mae_desvio,r2_promedio,r2_desvio,diferencia_mae_vs_base,diferencia_r2_vs_base,mejora_ambas_metricas
1,mage × visits,mage,visits,0.894720919808529,0.035515176277470285,0.0386557103514376,0.06646537312058488,-0.005202365684841559,0.006048317805289825,True
2,fage × visits,fage,visits,0.8958738185949562,0.033333925871073346,0.03514473702816541,0.061198031176797923,-0.0040494668984143445,0.002537344482017638,True
3,visits × mature_bin,visits,mature_bin,0.8966035459665198,0.0359840681965822,0.040096979218294894,0.0501440049469153,-0.003319739526850718,0.007489586672147122,True
4,sex_bin × marital_bin,sex_bin,marital_bin,0.8977706419910504,0.030730445603792497,0.036439216589777335,0.050161150830941026,-0.0021526435023201396,0.003831824043629563,True
5,marital_bin × whitemom_bin,marital_bin,whitemom_bin,0.8983662696641426,0.03387570744939279,0.03497120511969374,0.062173473811908436,-0.001557015829227959,0.0023638125735459675,True
6,fage × gained,fage,gained,0.8994475440314528,0.032078601046953224,0.03220097463556761,0.05453347046739207,-0.0004757414619177558,-0.0004064179105801591,False
7,fage × marital_bin,fage,marital_bin,0.8997932998329482,0.03256316211289004,0.03200741826057078,0.05116544664877846,-0.00012998566042232707,-0.0005999742855769888,False
8,BASE (sin interacción),,,0.8999232854933705,0.03258417578461918,0.03260739254614777,0.052651672533049976,0.0,0.0,False
9,habit_bin × mature_bin,habit_bin,mature_bin,0.8999232854933705,0.03258417578461918,0.03260739254614777,0.052651672533049976,0.0,0.0,False
10,mage × marital_bin,mage,marital_bin,0.9000700404821707,0.032436318285491185,0.03177790574686721,0.05213133997903357,0.00014675498880012405,-0.0008294867992805627,False
11,gained × habit_bin,gained,habit_bin,0.9001379119811999,0.032564197124305035,0.035191805754540416,0.057195714985780986,0.00021462648782932803,0.002584413208392644,False
12,sex_bin × habit_bin,sex_bin,habit_bin,0.900389255444213,0.03146331916922119,0.03110987267193064,0.052803797830573034,0.00046596995084247084,-0.001497519874217132,False
13,gained × sex_bin,gained,sex_bin,0.9004062608358543,0.03201234767036516,0.03256389464083855,0.05341068258244672,0.00048297534248376017,-4.349790530921993e-05,False
14,marital_bin × mature_bin,marital_bin,mature_bin,0.9005790499557674,0.032557667154255905,0.030537440207207344,0.05297794724543021,0.0006557644623969017,-0.0020699523389404277,False
15,mage × habit_bin,mage,habit_bin,0.900662481670387,0.03439566960848332,0.03268514526225288,0.051173840684071825,0.0007391961770164546,7.775271610510615e-05,False
16,visits × sex_bin,visits,sex_bin,0.9008065941339123,0.031675502101627076,0.031155283136787525,0.05409332056112519,0.0008833086405417578,-0.0014521094093602471,False
17,visits × habit_bin,visits,habit_bin,0.9008092928771682,0.040362613555010016,0.03026329292125296,0.054556394457511904,0.0008860073837976268,-0.0023440996248948118,False
18,mage × mature_bin,mage,mature_bin,0.9008406606979156,0.03290670658794945,0.030035801391029616,0.05152912649460158,0.0009173752045450456,-0.002571591155118156,False
19,fage × mature_bin,fage,mature_bin,0.9009530622875725,0.037011406076384916,0.03254833431840778,0.04708963832489817,0.0010297767942020197,-5.905822773999425e-05,False
20,mage × whitemom_bin,mage,whitemom_bin,0.9012075164324049,0.032617249343692346,0.030109600883005426,0.053846011472256726,0.001284230939034403,-0.002497791663142346,False
21,whitemom_bin × mature_bin,whitemom_bin,mature_bin,0.9012353630004828,0.036914616935275125,0.03226208455724899,0.05451058548799049,0.0013120775071122637,-0.0003453079888987784,False
22,fage × mage,fage,mage,0.9012869125708722,0.03216323603977996,0.03037314913679161,0.05533307418200907,0.0013636270775017056,-0.0022342434093561604,False
23,mage × sex_bin,mage,sex_bin,0.9018563363719359,0.03451093026501917,0.03229213583357031,0.050859335042374415,0.0019330508785653233,-0.0003152567125774622,False
24,visits × gained,visits,gained,0.9018781310496757,0.03226088390156408,0.022782822067588814,0.04291493136422064,0.001954845556305207,-0.009824570478558958,False
25,habit_bin × marital_bin,habit_bin,marital_bin,0.9019584808748208,0.03203609130739896,0.02258226487157202,0.059386052587259874,0.00203519538145025,-0.010025127674575751,False
26,habit_bin × whitemom_bin,habit_bin,whitemom_bin,0.9022101593497412,0.03231145243357881,0.025310615337768884,0.05089075930015267,0.002286873856370719,-0.007296777208378888,False
27,fage × sex_bin,fage,sex_bin,0.9022108740128572,0.03721673958558732,0.03195896992372769,0.05201735806059057,0.0022875885194866274,-0.0006484226224200834,False
28,sex_bin × whitemom_bin,sex_bin,whitemom_bin,0.9022836501839194,0.0328582882242843,0.031150481970708244,0.04863363356719114,0.0023603646905488995,-0.0014569105754395281,False
29,visits × marital_bin,visits,marital_bin,0.9027440412018866,0.03585757105492823,0.026290184381041005,0.044278840359420354,0.0028207557085160317,-0.006317208165106766,False
30,sex_bin × mature_bin,sex_bin,mature_bin,0.9028241401814323,0.03761483809416293,0.02588626405977621,0.0592066753917771,0.0029008546880617825,-0.006721128486371561,False
31,visits × whitemom_bin,visits,whitemom_bin,0.9032409436748654,0.02753326060385042,0.02880304937969753,0.052286280160241054,0.003317658181494876,-0.0038043431664502407,False
32,fage × whitemom_bin,fage,whitemom_bin,0.9032548395638498,0.03212676690250506,0.03260862584764566,0.05206984205763924,0.003331554070479248,1.233301497885475e-06,False
33,gained × whitemom_bin,gained,whitemom_bin,0.9033513656186614,0.03362270304812515,0.0293419893642455,0.054290333964334095,0.0034280801252908333,-0.003265403181902271,False
34,fage × habit_bin,fage,habit_bin,0.903955035710901,0.03600807088173618,0.024683829175639205,0.0501442893191237,0.004031750217530439,-0.007923563370508566,False
35,gained × mature_bin,gained,mature_bin,0.90413473360808,0.02598686908700901,0.022314095350456187,0.06874196660118317,0.004211448114709526,-0.010293297195691584,False
36,gained × marital_bin,gained,marital_bin,0.9041764159324284,0.035168969138932325,0.026455527712965908,0.057162442499169804,0.0042531304390578395,-0.006151864833181864,False
37,mage × gained,mage,gained,0.9045898593116913,0.03194515896707074,0.023988954491063773,0.04675787386545711,0.004666573818320807,-0.008618438055083999,False
